1,4870204391510,120,279,2022-01-03 09:20:00
2,4680036912629,240,278,2022-01-03 09:21:00
3,5449000000286,120,453,2022-01-03 09:21:00
4,48743587,80,536,2022-01-04 15:01:06
5,4870204391510,72,283,2022-01-10 11:08:14
6,48743587,70,536,2022-01-11 14:02:36
7,8887290101004,50,60,2022-01-12 11:49:07
8,4680036912629,240,278,2022-01-12 14:09:00
9,4870204391510,120,279,2022-01-12 14:10:00
10,4680036912629,360,278,2022-01-13 10:59:54
11,48743587,50,536,2022-01-14 10:00:17
12,54491472,48,192,2022-01-14 12:01:39
13,5449000054227,24,275,2022-01-14 12:01:39
14,4680036912629,360,278,2022-01-17 13:40:00
15,5449000054227,60,270,2022-01-17 13:40:00
16,48743587,30,536,2022-01-18 09:15:14
17,54491472,24,192,2022-01-18 15:28:58
18,5449000054227,60,275,2022-01-18 15:28:58
19,5449000000286,36,460,2022-01-18 15:28:58
20,8887290101004,100,60,2022-01-19 11:00:03
32,4870204391510,120,279,2022-01-03 09:20:00
33,4680036912629,240,278,2022-01-03 09:21:00
34,5449000000286,120,453,2022-01-03 09:21:00
35,48743587,80,536,2022-01-04 15:01:06
36,4870204391510,72,283,2022-01-10 11:08:14
37,48743587,70,536,2022-01-11 14:02:36
38,8887290101004,50,60,2022-01-12 11:49:07
39,4680036912629,240,278,2022-01-12 14:09:00
40,4870204391510,120,279,2022-01-12 14:10:00
41,4680036912629,360,278,2022-01-13 10:59:54
42,48743587,50,536,2022-01-14 10:00:17
43,54491472,48,192,2022-01-14 12:01:39
44,5449000054227,24,275,2022-01-14 12:01:39
45,4680036912629,360,278,2022-01-17 13:40:00
46,5449000054227,60,270,2022-01-17 13:40:00
47,48743587,30,536,2022-01-18 09:15:14
48,54491472,24,192,2022-01-18 15:28:58
49,5449000054227,60,275,2022-01-18 15:28:58
50,5449000000286,36,460,2022-01-18 15:28:58
51,8887290101004,100,60,2022-01-19 11:00:03
52,4680036912629,21,283,2022-01-19 17:03:15
53,4680036912629,120,278,2022-01-20 15:35:00
54,54491472,48,192,2022-01-21 09:39:55
55,5449000054227,60,275,2022-01-21 09:39:55
56,5449000000286,42,460,2022-01-21 09:39:55
57,48743587,30,536,2022-01-21 11:11:20
58,4870003986641,200,242,2022-01-21 11:20:57
59,4870003986252,240,242,2022-01-21 11:20:57
60,4870204391510,72,279,2022-01-24 09:35:00
61,4870204391510,120,279,2022-01-24 14:04:00
62,48743587,80,536,2022-01-25 09:57:05
63,4870003986252,168,242,2022-01-25 10:45:22
64,5449000054227,84,275,2022-01-25 12:09:41
65,5449000000286,30,460,2022-01-25 12:09:41
66,4680036912629,120,278,2022-01-25 15:55:00
67,4680036912629,120,278,2022-01-25 15:55:00
68,4870204391510,72,279,2022-01-25 15:55:00
69,8887290101004,100,60,2022-01-26 12:08:41
70,4680036912629,120,278,2022-01-27 11:01:00
71,48743587,120,536,2022-01-28 10:21:32
72,4870003986641,200,242,2022-01-28 10:43:21
73,4870003986252,240,242,2022-01-28 10:43:21
74,54491472,24,192,2022-01-28 11:00:19
75,5449000054227,60,275,2022-01-28 11:00:19
76,5449000000286,30,460,2022-01-28 11:00:19
77,4870204391510,96,283,2022-01-28 11:08:09
78,4680036912629,144,278,2022-01-28 13:06:00
79,4680036912629,120,278,2022-01-31 10:10:00
80,4870204391510,120,279,2022-01-31 10:10:00
81,5449000054227,72,275,2022-02-01 09:43:48
82,5449000000286,42,460,2022-02-01 09:43:48
83,48743587,50,536,2022-02-01 10:06:19
84,4870003986252,240,242,2022-02-01 10:12:17
85,4870003986641,200,242,2022-02-01 10:12:17
86,4870204391510,120,283,2022-02-02 11:39:40
87,8887290101004,125,60,2022-02-02 13:02:53
88,4680036912629,120,278,2022-02-03 14:48:00
89,4870003986641,200,242,2022-02-04 10:35:11
90,4870003986252,168,242,2022-02-04 10:35:11
91,48743587,100,536,2022-02-04 12:10:36
92,54491472,48,192,2022-02-04 12:35:55
93,5449000054227,84,275,2022-02-04 12:35:55
94,5449000000286,41,460,2022-02-04 12:35:55
95,4680036912629,144,278,2022-02-05 12:58:00
96,4870204391510,72,283,2022-02-07 11:32:44
97,48743587,100,536,2022-02-08 09:48:33
98,4870003986641,200,242,2022-02-08 10:30:55
99,4870003986252,240,242,2022-02-08 10:30:55
100,54491472,48,192,2022-02-08 13:51:15
101,5449000054227,84,275,2022-02-08 13:51:15
102,5449000000286,42,460,2022-02-08 13:51:15
103,8887290101004,125,60,2022-02-09 12:02:04
104,5449000000286,6,460,2022-02-10 11:01:45
105,4680036912629,168,278,2022-02-10 11:41:00
106,4870003986641,140,242,2022-02-11 10:51:53
107,4870003986252,168,242,2022-02-11 10:51:53
108,48743587,120,564,2022-02-11 11:19:28
109,54491472,72,192,2022-02-11 11:42:18
110,5449000054227,120,275,2022-02-11 11:42:18
111,4680036912629,120,278,2022-02-12 13:10:00
112,4870204391510,120,283,2022-02-14 12:43:24
113,48743587,120,564,2022-02-15 10:20:32
114,54491472,48,192,2022-02-15 11:08:26
115,5449000054227,84,275,2022-02-15 11:08:26
116,5449000000286,42,460,2022-02-15 11:08:26
117,4870003986641,200,242,2022-02-15 11:12:47
118,4870003986252,240,242,2022-02-15 11:12:47
119,5449000054227,4,275,2022-02-15 12:53:38
120,4680036912629,72,278,2022-02-15 14:47:00
121,4680036912629,120,278,2022-02-15 16:18:00
122,8887290101004,125,60,2022-02-16 11:25:08
123,4680036912629,72,278,2022-02-17 11:53:00
124,4870204391510,48,279,2022-02-17 11:53:00
125,4870003986641,200,242,2022-02-18 10:06:50
126,4870003986252,168,242,2022-02-18 10:06:50
127,48743587,120,564,2022-02-18 10:21:13
128,54491472,72,192,2022-02-18 14:13:28
129,5449000054227,72,275,2022-02-18 14:13:28
130,5449000000286,42,460,2022-02-18 14:13:28
131,4870204391510,164,283,2022-02-19 10:50:41
132,4680036912629,168,278,2022-02-20 14:39:00
133,4680036912629,120,278,2022-02-20 14:39:00
134,4870204391510,120,279,2022-02-20 14:39:00
135,48743587,90,564,2022-02-21 14:30:02
136,48743587,60,564,2022-02-22 09:43:55
137,4870003986641,200,242,2022-02-22 09:58:17
138,4870003986252,120,242,2022-02-22 09:58:17
139,54491472,48,192,2022-02-22 11:22:00
140,5449000054227,84,275,2022-02-22 11:22:00
141,5449000000286,42,460,2022-02-22 11:22:00
142,4680036912629,120,278,2022-02-22 15:38:00
143,8887290101004,175,60,2022-02-23 13:17:25
144,4870204391510,120,283,2022-02-23 14:29:35
145,54491472,24,192,2022-02-25 10:24:04
146,5449000054227,84,275,2022-02-25 10:24:04
147,5449000000286,42,460,2022-02-25 10:24:04
148,4870003986641,180,242,2022-02-25 10:26:12
149,4870003986252,172,242,2022-02-25 10:26:12
150,48743587,100,564,2022-02-25 12:39:00
151,4680036912629,120,278,2022-02-25 12:56:00
152,4680036912629,168,278,2022-02-26 10:00:00
153,4680036912629,120,278,2022-02-28 10:41:00
154,4870204391510,120,279,2022-02-28 10:41:00
155,54491472,48,208,2022-03-01 09:55:51
156,5449000054227,84,292,2022-03-01 09:55:51
157,5449000000286,42,500,2022-03-01 09:55:51
158,4870003986252,240,242,2022-03-01 10:34:55
159,4870003986641,200,242,2022-03-01 10:34:55
160,48743587,40,564,2022-03-02 11:00:14
161,4870204391510,96,283,2022-03-02 11:09:28
162,8887290101004,125,60,2022-03-02 11:12:44
163,4870003986641,200,242,2022-03-04 09:47:12
164,54491472,72,208,2022-03-04 11:25:40
165,5449000054227,83,292,2022-03-04 11:25:40
166,5449000000286,36,500,2022-03-04 11:25:40
167,48743587,50,564,2022-03-04 11:40:58
168,4680036912629,120,279,2022-03-04 15:55:00
169,4680036912629,120,279,2022-03-05 10:53:00
170,4870204391510,96,283,2022-03-05 15:46:06
171,4870003986252,24,242,2022-03-05 17:08:03
172,4870003986641,200,242,2022-03-07 11:19:07
173,4870003986641,200,242,2022-03-08 10:42:25
174,4870003986252,240,242,2022-03-08 10:42:25
175,4680036912629,120,279,2022-03-08 14:07:00
176,54491472,72,208,2022-03-08 14:18:11
177,5449000054227,84,292,2022-03-08 14:18:11
178,5449000000286,24,500,2022-03-08 14:18:11
179,4680036912629,240,278,2022-03-08 16:17:00
180,4870204391510,96,283,2022-03-09 12:13:23
181,8887290101004,125,65,2022-03-09 12:51:58
182,4680036912629,120,279,2022-03-10 09:09:00
183,5449000054227,9,288,2022-03-10 09:09:00
184,4680036912629,120,279,2022-03-10 13:00:00
185,4870003986641,200,242,2022-03-11 10:40:00
186,4870003986252,240,242,2022-03-11 10:40:00
187,5449000054227,108,288,2022-03-11 18:02:34
188,5449000000286,54,500,2022-03-11 18:02:34
189,54491472,48,208,2022-03-11 18:02:34
190,4870204391510,144,283,2022-03-12 13:34:08
191,4870003986641,200,242,2022-03-14 09:04:07
192,4680036912629,480,283,2022-03-14 10:52:54
193,4870204391510,96,300,2022-03-14 11:08:57
194,4870003986252,168,242,2022-03-15 09:50:18
195,54491472,24,208,2022-03-15 18:42:33
196,5449000054227,84,291,2022-03-15 18:42:33
197,5449000000286,42,500,2022-03-15 18:42:33
198,4870204391510,96,300,2022-03-16 13:10:14
199,8887290101004,125,72,2022-03-16 13:17:33
200,4680036912629,240,283,2022-03-17 10:43:00
201,4870003986641,200,242,2022-03-18 11:09:19
202,54491472,48,208,2022-03-18 15:14:30
203,5449000054227,96,291,2022-03-18 15:14:30
204,5449000000286,42,500,2022-03-18 15:14:30
205,4870204391510,144,300,2022-03-19 10:31:49
206,4870003986641,300,242,2022-03-19 16:30:26
207,8887290101004,200,72,2022-03-21 13:27:58
208,4870003986641,200,242,2022-03-22 09:30:19
209,4870003986252,240,242,2022-03-22 09:30:19
210,4870003986641,180,242,2022-03-22 09:30:19
211,4870204391510,144,300,2022-03-22 11:56:03
212,54491472,48,208,2022-03-22 16:27:09
213,5449000000286,42,500,2022-03-22 16:27:09
214,5449000054227,84,291,2022-03-22 16:27:09
215,4680036912629,480,283,2022-03-24 13:24:18
216,4870003986252,120,242,2022-03-25 12:25:39
217,4870003986641,100,242,2022-03-25 12:25:39
218,5449000054227,24,291,2022-03-25 16:51:10
219,5449000000286,30,500,2022-03-25 16:51:10
220,4870003986641,200,242,2022-03-29 09:49:19
221,54491472,72,208,2022-03-29 11:21:30
222,5449000054227,84,292,2022-03-29 11:21:30
223,5449000000286,42,500,2022-03-29 11:21:30
224,4870204391510,144,300,2022-03-29 12:04:00
225,4680036912629,240,316,2022-03-29 12:31:18
226,8887290101004,160,72,2022-03-29 16:38:55
227,4870204391510,44,300,2022-03-31 12:23:10
228,4680036912629,120,316,2022-03-31 15:34:24
229,4870003986641,260,250,2022-04-01 10:26:28
230,4870003986252,240,250,2022-04-01 10:26:28
231,54491472,72,208,2022-04-01 11:07:55
232,5449000054227,96,292,2022-04-01 11:07:55
233,5449000000286,48,500,2022-04-01 11:07:55
234,4870204391510,136,300,2022-04-02 09:50:57
235,54491472,24,208,2022-04-05 13:27:07
236,5449000054227,72,292,2022-04-05 13:27:07
237,5449000000286,36,500,2022-04-05 13:27:07
238,4680036912629,264,316,2022-04-05 19:52:07
239,4870204391510,90,300,2022-04-06 12:57:08
240,4680036912629,240,316,2022-04-07 12:32:36
241,4680036912629,240,316,2022-04-07 16:07:21
242,4870003986252,48,250,2022-04-08 09:32:06
243,54491472,72,208,2022-04-08 10:38:55
244,5449000054227,84,292,2022-04-08 10:38:55
245,5449000000286,42,500,2022-04-08 10:38:55
246,4870204391510,138,300,2022-04-09 12:18:25
247,5449000054227,24,288,2022-04-11 10:29:00
248,4680036912629,336,316,2022-04-11 15:06:00
249,4870003986641,60,250,2022-04-12 09:31:20
250,8887290101004,150,72,2022-04-12 11:06:23
251,5449000054227,60,292,2022-04-12 15:10:11
252,54491472,72,208,2022-04-12 15:10:11
253,5449000000286,30,500,2022-04-12 15:10:11
254,4870204391510,138,300,2022-04-13 11:30:10
255,4680036912629,120,316,2022-04-14 12:45:19
256,4870003986252,120,250,2022-04-15 10:26:20
257,4870003986641,40,250,2022-04-15 10:26:20
258,5449000054227,60,292,2022-04-15 14:13:52
259,4870204391510,65,300,2022-04-16 12:46:48
260,48743587,90,564,2022-04-18 13:02:18
261,4870003986641,60,250,2022-04-19 09:37:20
262,4870204391510,138,300,2022-04-19 11:34:06
263,4680036912629,120,316,2022-04-19 12:54:18
264,54491472,72,208,2022-04-19 18:03:59
265,5449000054227,121,292,2022-04-19 18:03:59
266,5449000000286,61,500,2022-04-19 18:03:59
267,48743587,100,592,2022-04-20 11:34:57
268,4680036912629,240,316,2022-04-21 14:55:15
269,4870003986252,120,250,2022-04-22 09:32:08
270,4870003986641,100,250,2022-04-22 09:32:08
271,4870003986641,180,250,2022-04-22 09:32:08
272,48743587,80,592,2022-04-22 11:29:08
273,5449000054227,60,292,2022-04-22 16:24:25
274,5449000000286,30,500,2022-04-22 16:24:25
275,4870204391510,144,300,2022-04-23 14:56:39
276,4680036912629,240,316,2022-04-25 09:17:37
277,48743587,60,592,2022-04-25 12:09:14
278,8887290101004,160,72,2022-04-26 11:07:05
279,54491472,72,208,2022-04-26 14:15:00
280,5449000054227,84,292,2022-04-26 14:15:00
281,5449000000286,18,500,2022-04-26 14:15:00
282,4870204391510,72,300,2022-04-26 15:21:38
283,48743587,60,592,2022-04-27 12:54:32
284,4870204391510,72,300,2022-04-28 12:38:48
285,4680036912629,360,316,2022-04-28 15:48:15
286,4870003986641,100,250,2022-04-29 10:35:41
287,4870003986252,120,250,2022-04-29 10:35:41
288,48743587,120,592,2022-04-29 11:23:16
289,54491472,24,208,2022-04-29 16:58:18
290,5449000054227,60,292,2022-04-29 16:58:18
291,5449000000286,18,500,2022-04-29 16:58:18
292,4870204391510,72,296,2022-04-30 13:30:00
293,5449000054227,60,288,2022-04-30 13:30:00
294,4680036912629,240,316,2022-05-02 10:38:03
295,48743587,60,592,2022-05-02 12:49:10
296,4870003986252,120,250,2022-05-03 09:51:00
297,4870003986641,200,250,2022-05-03 09:51:00
298,54491472,48,208,2022-05-03 15:16:14
299,5449000054227,60,291,2022-05-03 15:16:14
300,5449000000286,42,500,2022-05-03 15:16:14
301,4870204391510,48,300,2022-05-03 16:20:37
302,48743587,100,592,2022-05-04 13:50:39
303,4680036912629,360,316,2022-05-05 11:32:03
304,4870003986252,72,250,2022-05-06 10:32:03
305,4870003986641,100,250,2022-05-06 10:32:03
306,48743587,60,592,2022-05-06 12:41:48
307,4870204391510,48,296,2022-05-06 14:01:00
308,4870204391510,120,296,2022-05-06 14:02:00
309,54491472,72,208,2022-05-06 14:48:58
310,5449000054227,132,292,2022-05-06 14:48:58
311,5449000000286,66,500,2022-05-06 14:48:58
312,4870204391510,120,296,2022-05-09 15:47:00
313,4680036912629,350,316,2022-05-09 16:14:07
314,4870003986252,120,250,2022-05-10 10:38:52
315,4870003986641,180,250,2022-05-10 10:38:52
316,54491472,24,208,2022-05-10 11:15:32
317,5449000054227,120,292,2022-05-10 11:15:32
318,5449000000286,30,500,2022-05-10 11:15:32
319,48743587,70,592,2022-05-10 14:45:40
320,48743587,70,592,2022-05-11 14:37:46
321,4680036912629,480,316,2022-05-12 10:51:00
322,4870204391510,120,296,2022-05-12 12:26:00
323,4870003986641,200,250,2022-05-13 10:01:13
324,4870003986641,200,250,2022-05-13 10:01:38
325,4870003986252,240,250,2022-05-13 10:01:38
326,54491472,72,208,2022-05-13 13:20:08
327,5449000054227,120,292,2022-05-13 13:20:08
328,5449000000286,60,500,2022-05-13 13:20:08
329,48743587,90,592,2022-05-13 13:25:04
330,4870003986641,100,250,2022-05-14 10:04:02
331,4870204391510,115,300,2022-05-14 10:07:09
332,48743587,30,592,2022-05-16 11:41:46
333,4680036912629,360,316,2022-05-16 16:24:45
334,4870003986641,100,250,2022-05-17 09:59:19
335,4870003986252,120,250,2022-05-17 09:59:19
336,48743587,60,592,2022-05-17 10:19:58
337,8887290101004,160,72,2022-05-17 13:10:32
338,54491472,24,208,2022-05-17 14:33:12
339,5449000054227,84,292,2022-05-17 14:33:12
340,5449000000286,42,500,2022-05-17 14:33:12
341,4870204391510,144,300,2022-05-18 10:47:17
342,48743587,60,592,2022-05-18 11:39:17
343,4680036912629,240,316,2022-05-19 13:51:57
344,4870003986641,200,250,2022-05-20 10:12:59
345,4870003986252,240,250,2022-05-20 10:12:59
346,48743587,100,592,2022-05-20 12:04:23
347,54491472,24,208,2022-05-20 12:27:05
348,5449000054227,84,292,2022-05-20 12:27:05
349,5449000000286,36,500,2022-05-20 12:27:05
350,4870204391510,144,300,2022-05-21 11:39:01
351,48743587,70,592,2022-05-23 12:38:34
352,4680036912629,240,316,2022-05-23 13:58:20
353,4870003986252,120,250,2022-05-24 10:21:58
354,4870003986641,200,250,2022-05-24 10:21:58
355,54491472,48,208,2022-05-24 11:21:27
356,5449000054227,84,292,2022-05-24 11:21:27
357,5449000000286,42,500,2022-05-24 11:21:27
358,8887290101004,160,72,2022-05-24 11:57:26
359,4870204391510,72,300,2022-05-25 11:10:21
360,48743587,60,592,2022-05-25 12:07:49
361,4680036912629,240,316,2022-05-26 12:27:49
362,4870204391510,70,300,2022-05-26 13:20:53
363,4870003986641,200,250,2022-05-27 10:36:23
364,4870003986252,120,250,2022-05-27 10:36:23
365,54491472,48,208,2022-05-27 14:39:21
366,5449000000286,42,500,2022-05-27 14:39:21
367,5449000054227,120,292,2022-05-27 14:39:21
368,48743587,100,592,2022-05-27 15:33:39
369,4870204391510,90,300,2022-05-28 11:32:01
370,8887290101004,160,72,2022-05-30 11:08:01
371,48743587,50,592,2022-05-30 11:50:54
372,4680036912629,240,316,2022-05-30 15:01:42
373,4870003986641,200,250,2022-05-31 10:32:23
374,4870003986252,240,250,2022-05-31 10:32:23
375,48743587,20,592,2022-05-31 11:18:05
376,4870204391510,110,300,2022-05-31 12:37:16
377,54491472,72,204,2022-05-31 15:31:00
378,5449000000286,42,495,2022-05-31 15:31:00
379,5449000054227,84,288,2022-05-31 15:31:00
380,48743587,50,592,2022-06-01 11:46:20
381,4680036912629,384,316,2022-06-02 12:52:10
382,4870003986252,168,250,2022-06-03 11:33:45
383,54491472,48,208,2022-06-03 11:37:51
384,5449000054227,60,292,2022-06-03 11:37:51
385,5449000000286,30,500,2022-06-03 11:37:51
386,48743587,90,592,2022-06-03 12:23:41
387,4870204391510,140,300,2022-06-04 11:20:54
388,4680036912629,360,316,2022-06-06 11:09:20
389,4870003986252,24,250,2022-06-07 11:21:29
390,4870003986641,280,250,2022-06-07 11:21:29
391,54491472,72,208,2022-06-07 16:29:22
392,5449000000286,36,500,2022-06-07 16:29:22
393,5449000054227,84,292,2022-06-07 16:29:22
394,48743587,50,592,2022-06-08 11:21:31
395,4870204391510,144,300,2022-06-08 12:06:37
396,4680036912629,240,316,2022-06-09 13:02:56
397,4870003986252,168,250,2022-06-10 11:02:11
398,4870003986641,140,250,2022-06-10 11:02:11
399,48743587,130,592,2022-06-10 11:31:41
400,54491472,72,208,2022-06-10 16:42:31
401,5449000054227,120,292,2022-06-10 16:42:31
402,4870204391510,144,300,2022-06-11 12:17:15
403,5449000054227,120,288,2022-06-11 18:08:37
404,4870003986641,140,250,2022-06-13 10:20:17
405,48743587,50,592,2022-06-13 12:07:11
406,4680036912629,360,316,2022-06-13 15:42:08
407,4870204391510,144,300,2022-06-14 10:49:16
408,4870003986252,240,250,2022-06-14 11:53:03
409,4870003986641,80,250,2022-06-14 11:53:03
410,54491472,72,208,2022-06-14 16:20:11
411,5449000000286,42,500,2022-06-14 16:20:11
412,8887290101004,100,72,2022-06-14 16:28:47
413,48743587,70,592,2022-06-15 11:41:24
414,4680036912629,288,316,2022-06-16 12:45:30
415,54491472,72,208,2022-06-17 10:59:23
416,5449000054227,108,288,2022-06-17 10:59:23
417,5449000000286,48,500,2022-06-17 10:59:23
418,4870003986641,200,250,2022-06-17 11:30:59
419,4870003986252,240,250,2022-06-17 11:30:59
420,48743587,120,592,2022-06-17 11:50:31
421,4870003986641,80,250,2022-06-18 09:24:15
422,4870204391510,144,300,2022-06-18 11:33:58
423,4680036912629,360,316,2022-06-20 12:19:52
424,48743587,60,592,2022-06-20 15:22:25
425,4870003986252,24,250,2022-06-21 10:16:47
426,4870003986641,140,250,2022-06-21 10:16:47
427,8887290101004,160,72,2022-06-21 12:21:48
428,5449000054227,84,292,2022-06-21 14:34:28
429,5449000000286,42,500,2022-06-21 14:34:28
430,4870204391510,160,300,2022-06-22 11:22:41
431,48743587,20,592,2022-06-22 11:49:27
432,4680036912629,240,316,2022-06-23 13:49:36
433,4870003986641,200,250,2022-06-24 10:17:01
434,4870003986252,240,250,2022-06-24 10:17:01
435,4870003986641,180,250,2022-06-24 10:17:01
436,48743587,140,592,2022-06-24 11:44:29
437,54491472,72,208,2022-06-24 12:10:13
438,5449000054227,120,292,2022-06-24 12:10:13
439,5449000000286,42,500,2022-06-24 12:10:13
440,4870204391510,144,300,2022-06-25 13:49:33
441,4870003986641,100,250,2022-06-25 20:35:49
442,4870204391510,120,300,2022-06-27 11:30:50
443,48743587,50,592,2022-06-27 11:48:16
444,4680036912629,358,316,2022-06-27 11:59:11
445,4870003986252,168,250,2022-06-28 11:03:51
446,4870003986641,100,250,2022-06-28 11:03:51
447,54491472,72,208,2022-06-28 11:52:25
448,5449000054227,120,292,2022-06-28 11:52:25
449,5449000000286,24,500,2022-06-28 11:52:25
450,8887290101004,50,72,2022-06-29 11:17:59
451,48743587,50,592,2022-06-29 11:39:36
452,4680036912629,360,316,2022-06-30 14:07:14
453,4870003986252,240,250,2022-07-01 10:26:12
454,5449000054227,144,292,2022-07-01 11:41:38
455,54491472,72,208,2022-07-01 11:41:38
456,5449000000286,60,500,2022-07-01 11:41:38
457,48743587,120,592,2022-07-01 13:57:08
458,4870003986641,300,250,2022-07-02 11:23:39
459,4870204391510,144,300,2022-07-02 16:12:49
460,4680036912629,240,316,2022-07-04 13:20:30
461,4870003986641,120,250,2022-07-05 10:42:02
462,4870204391510,144,300,2022-07-05 13:44:10
463,5449000000286,42,500,2022-07-05 16:16:43
464,5449000054227,120,292,2022-07-05 16:16:43
465,54491472,48,208,2022-07-05 16:16:43
466,8887290101004,72,72,2022-07-06 09:19:35
467,4870003986252,360,250,2022-07-06 17:09:34
468,4680036912629,360,316,2022-07-07 13:56:25
469,4870003986641,200,250,2022-07-08 10:41:18
470,5449000054227,120,292,2022-07-08 14:41:49
471,54491472,48,208,2022-07-08 14:41:49
472,5449000054227,24,292,2022-07-08 21:30:00
473,54491472,24,208,2022-07-08 21:30:00
474,5449000000286,6,500,2022-07-08 21:30:00
475,4870204391510,240,300,2022-07-09 14:13:18
476,5449000054227,60,292,2022-07-11 13:50:27
477,4870022003305,240,333,2022-07-11 15:14:38
478,4870003986641,200,250,2022-07-12 10:02:31
479,5449000000286,42,500,2022-07-12 20:06:04
480,54491472,24,208,2022-07-12 20:06:04
481,5449000054227,48,292,2022-07-12 20:06:04
482,8887290101004,75,72,2022-07-13 10:27:17
483,4870003986252,240,250,2022-07-13 12:04:19
484,4870204391510,110,310,2022-07-13 13:44:43
485,4870022003305,360,333,2022-07-14 13:54:16
486,4870003986252,48,250,2022-07-15 10:20:02
487,4870003986641,140,250,2022-07-15 10:20:02
488,5449000000286,42,500,2022-07-15 15:17:04
489,5449000054227,120,292,2022-07-15 15:17:04
490,54491472,48,208,2022-07-15 15:17:04
491,4870204391510,240,310,2022-07-16 11:20:05
492,4870003986252,240,250,2022-07-16 12:12:55
493,4680036912629,240,333,2022-07-18 13:06:24
494,4870003986641,200,250,2022-07-19 11:25:19
495,4870003986252,360,250,2022-07-19 12:16:26
496,5449000054227,120,292,2022-07-19 19:37:08
497,54491472,48,208,2022-07-19 19:37:08
498,5449000000286,60,500,2022-07-19 19:37:08
499,8887290101004,100,72,2022-07-20 10:16:07
500,4870022003305,360,333,2022-07-21 14:04:07
501,5449000054227,120,292,2022-07-22 09:18:14
502,54491472,72,208,2022-07-22 10:26:35
503,48743587,100,592,2022-07-22 11:44:37
504,4870003986641,200,250,2022-07-22 12:08:23
505,4870204391510,240,310,2022-07-23 11:11:51
506,4870003986641,100,250,2022-07-25 10:23:38
507,54491472,72,208,2022-07-25 10:28:00
508,4870022003305,360,333,2022-07-25 12:41:44
509,48743587,100,592,2022-07-25 13:12:51
510,4870003986641,200,250,2022-07-26 11:37:48
511,8887290101004,160,72,2022-07-26 13:30:54
512,48743587,100,592,2022-07-27 12:45:23
513,4870204391510,144,310,2022-07-27 13:28:23
514,5449000054227,120,292,2022-07-27 16:37:00
515,5449000000286,60,500,2022-07-27 16:37:00
516,4870003986252,120,250,2022-07-28 12:17:00
517,4870022003305,360,333,2022-07-28 13:52:31
518,48743587,120,592,2022-07-29 11:28:14
519,4870003986641,200,250,2022-07-29 11:41:34
520,54491472,120,208,2022-07-29 12:53:43
521,5449000000286,60,500,2022-07-29 12:53:43
522,4870204391510,240,310,2022-07-30 11:55:48
523,4870003986252,240,250,2022-07-30 12:06:20
524,4870003986641,180,250,2022-07-30 12:06:20
525,4870022003305,240,333,2022-08-01 12:06:05
526,48743587,50,592,2022-08-01 13:57:51
527,5449000054227,60,333,2022-08-02 10:44:38
528,54491472,24,250,2022-08-02 10:44:38
529,5449000000286,30,542,2022-08-02 10:44:38
530,4870003986252,120,250,2022-08-02 11:04:17
531,4870003986641,100,250,2022-08-02 11:04:17
532,8887290101004,75,72,2022-08-03 11:03:28
533,4870204391510,144,310,2022-08-03 12:28:16
534,48743587,80,592,2022-08-03 12:59:50
535,48743587,70,592,2022-08-05 11:19:57
536,4870003986641,200,250,2022-08-05 11:46:56
537,4870003986252,240,250,2022-08-05 11:46:56
538,4870022003305,360,333,2022-08-05 13:34:00
539,5449000054227,120,333,2022-08-05 13:53:51
540,5449000000286,60,542,2022-08-05 13:53:51
541,4870204391510,240,310,2022-08-06 12:52:09
542,48743587,50,592,2022-08-08 11:39:11
543,4870022003305,240,333,2022-08-09 08:53:53
544,4870003986641,200,250,2022-08-09 10:31:15
545,5449000054227,84,333,2022-08-09 14:57:41
546,54491472,48,250,2022-08-09 14:57:41
547,5449000000286,30,542,2022-08-09 14:57:41
548,8887290101004,20,72,2022-08-09 16:23:58
549,8887290101004,75,72,2022-08-10 12:29:43
550,48743587,100,592,2022-08-10 14:33:12
551,4870022003305,240,333,2022-08-11 15:28:04
552,5449000054227,12,333,2022-08-11 17:04:24
553,4870003986252,240,250,2022-08-12 11:39:01
554,4870003986641,200,250,2022-08-12 11:47:45
555,48743587,120,592,2022-08-12 12:12:33
556,54491472,48,250,2022-08-12 16:13:45
557,5449000000286,30,542,2022-08-12 16:13:45
558,4870204391510,240,310,2022-08-13 11:07:04
559,4870003986641,300,250,2022-08-15 09:26:57
560,4870003986641,200,250,2022-08-15 12:33:03
561,4870022003305,288,333,2022-08-15 12:36:25
562,48743587,100,592,2022-08-15 13:15:54
563,4870003986252,240,250,2022-08-16 11:26:13
564,54491472,72,250,2022-08-16 16:48:44
565,5449000054227,120,333,2022-08-16 16:48:44
566,5449000000286,60,542,2022-08-16 16:48:44
567,8887290101004,100,72,2022-08-17 10:27:05
568,48743587,80,610,2022-08-17 13:56:36
569,4870204391510,225,310,2022-08-17 16:33:04
570,4870022003305,360,333,2022-08-18 15:50:22
571,5449000054227,120,333,2022-08-19 08:45:25
572,54491472,72,250,2022-08-19 08:45:25
573,48743587,100,610,2022-08-19 10:48:24
574,4870003986252,168,250,2022-08-19 12:04:59
575,4870003986641,200,250,2022-08-20 10:05:09
576,4870204391510,132,310,2022-08-20 10:28:58
577,48743587,100,610,2022-08-22 12:09:59
578,4870003986641,140,250,2022-08-23 11:05:40
579,4870003986252,168,250,2022-08-23 11:05:40
580,4870003986641,200,250,2022-08-23 11:10:51
581,54491472,48,250,2022-08-23 11:11:09
582,5449000054227,83,333,2022-08-23 11:11:09
583,5449000000286,42,542,2022-08-23 11:11:09
584,8887290101004,150,72,2022-08-23 13:45:01
585,48743587,80,610,2022-08-24 13:04:07
586,4870022003305,360,333,2022-08-25 11:16:59
587,4870003986641,200,250,2022-08-26 10:44:01
588,4870003986252,240,250,2022-08-26 10:44:01
589,48743587,120,610,2022-08-26 11:22:13
590,5449000000286,18,542,2022-08-26 15:40:02
591,5449000054227,120,333,2022-08-26 15:40:02
592,54491472,24,250,2022-08-26 15:40:02
593,4870204391510,240,310,2022-08-27 15:02:15
594,4870022003305,240,333,2022-08-29 11:08:40
595,4870003986641,200,250,2022-08-29 13:04:12
596,48743587,50,610,2022-08-29 15:55:35
597,54491472,48,250,2022-08-30 11:10:14
598,5449000054227,120,333,2022-08-30 11:10:14
599,4870003986252,240,250,2022-08-30 11:57:00
600,4870003986641,180,250,2022-08-30 11:57:00
601,8887290101004,50,72,2022-08-31 09:33:27
602,4870204391510,90,310,2022-08-31 13:25:51
603,48743587,50,610,2022-08-31 17:32:22
604,4870022003305,360,333,2022-09-01 14:52:17
605,5449000054227,12,333,2022-09-01 20:04:00
606,54491472,72,250,2022-09-02 11:32:48
607,5449000000286,42,542,2022-09-02 11:32:48
608,5449000054227,120,333,2022-09-02 11:32:48
609,4870003986252,120,250,2022-09-02 11:42:29
610,48743587,90,610,2022-09-02 14:52:46
611,4870204391510,240,310,2022-09-03 12:06:12
612,4870003986641,200,250,2022-09-03 14:59:03
613,54491472,72,250,2022-09-05 10:13:06
614,5449000000286,60,542,2022-09-05 10:13:06
615,5449000054227,120,333,2022-09-05 10:13:06
616,4870022003305,240,333,2022-09-05 12:21:00
617,4870003986252,120,250,2022-09-06 11:00:17
618,48743587,60,610,2022-09-06 12:28:08
619,5449000000286,30,542,2022-09-07 09:48:10
620,8887290101004,125,72,2022-09-07 10:36:39
621,4870003986641,120,250,2022-09-07 11:29:20
622,48743587,90,610,2022-09-07 11:49:53
623,4870204391510,72,310,2022-09-07 13:08:28
624,4870022003305,288,333,2022-09-08 12:50:33
625,4870003986252,240,250,2022-09-09 10:40:59
626,4870003986641,180,250,2022-09-09 10:40:59
627,4870003986641,180,250,2022-09-09 10:52:06
628,48743587,100,610,2022-09-09 12:10:05
629,5449000054227,120,333,2022-09-09 17:32:37
630,4870204391510,240,310,2022-09-10 12:38:15
631,48743587,100,610,2022-09-12 12:12:11
632,4680036912629,240,333,2022-09-12 15:50:22
633,4870003986252,168,250,2022-09-13 10:13:11
634,5449000054227,120,333,2022-09-13 13:17:44
635,54491472,48,250,2022-09-13 13:17:44
636,5449000000286,42,542,2022-09-13 13:17:44
637,4870003986641,180,250,2022-09-14 09:43:53
638,8887290101004,125,72,2022-09-14 10:23:02
639,48743587,30,610,2022-09-14 11:11:08
640,4870204391510,72,310,2022-09-14 12:40:08
641,4680036912629,240,333,2022-09-15 12:27:54
642,48743587,100,610,2022-09-16 10:16:43
643,4870003986252,48,258,2022-09-16 11:43:36
644,4870003986641,200,258,2022-09-16 11:43:36
645,5449000054227,120,333,2022-09-16 15:03:15
646,54491472,24,250,2022-09-16 15:03:15
647,5449000000286,42,542,2022-09-16 15:03:15
648,4870204391510,120,310,2022-09-17 13:20:55
649,48743587,80,610,2022-09-19 10:08:00
650,48743587,80,610,2022-09-19 10:08:10
651,4870022003305,120,333,2022-09-19 12:29:26
652,4870003986252,240,258,2022-09-20 10:23:15
653,4870003986641,200,258,2022-09-20 10:23:15
654,5449000054227,84,333,2022-09-20 10:46:25
655,54491472,48,250,2022-09-20 10:46:25
656,5449000000286,42,542,2022-09-20 10:46:25
657,8887290101004,100,72,2022-09-20 13:14:44
658,8887290101004,75,72,2022-09-21 09:36:47
659,48743587,60,610,2022-09-21 11:23:47
660,4870204391510,120,310,2022-09-21 11:55:41
661,4870022003305,360,333,2022-09-22 12:36:37
662,5449000054227,120,333,2022-09-22 12:39:41
663,54491472,15,250,2022-09-23 09:02:49
664,5449000000286,30,542,2022-09-23 09:02:49
665,48743587,100,610,2022-09-23 10:45:00
666,4870003986641,200,258,2022-09-23 11:46:32
667,4870204391510,235,310,2022-09-24 11:52:31
668,4870003986641,100,258,2022-09-26 10:13:30
669,4870022003305,240,333,2022-09-26 11:38:02
670,48743587,30,610,2022-09-26 12:15:19
671,4870003986252,240,258,2022-09-27 11:58:28
672,4870003986641,200,258,2022-09-27 11:58:28
673,54491472,48,250,2022-09-27 12:37:37
674,5449000054227,120,333,2022-09-27 12:37:37
675,5449000000286,42,542,2022-09-27 12:37:37
676,8887290101004,75,72,2022-09-28 10:54:55
677,48743587,70,610,2022-09-28 12:27:31
678,4870204391510,130,310,2022-09-28 13:10:28
679,4680036912629,288,333,2022-09-29 13:29:34
680,5449000054227,60,333,2022-09-29 14:59:11
681,4870003986641,200,258,2022-09-30 10:46:04
682,4870003986252,168,258,2022-09-30 10:46:04
683,8887290101004,50,72,2022-09-30 11:10:29
684,48743587,100,610,2022-09-30 12:15:51
685,54491472,72,250,2022-09-30 14:35:51
686,5449000000286,30,542,2022-09-30 14:35:51
687,4870204391510,120,310,2022-10-01 10:25:55
688,8887290101004,75,72,2022-10-03 10:27:59
689,4870022003305,240,333,2022-10-03 11:27:00
690,48743587,40,610,2022-10-03 11:52:33
691,4870003986252,120,258,2022-10-04 10:50:19
692,4870003986641,100,258,2022-10-04 10:50:19
693,5449000054227,60,333,2022-10-04 14:04:39
694,5449000000286,30,542,2022-10-04 14:04:39
695,54491472,48,250,2022-10-04 14:04:39
696,8887290101004,125,72,2022-10-05 10:16:08
697,48743587,100,610,2022-10-05 12:43:43
698,4870204391510,90,310,2022-10-05 14:37:31
699,4870022003305,240,333,2022-10-06 15:43:14
700,48743587,100,610,2022-10-07 11:20:15
701,4870003986252,120,258,2022-10-07 11:32:34
702,4870003986641,100,258,2022-10-07 11:32:34
703,54491472,96,250,2022-10-07 11:42:02
704,5449000054227,84,333,2022-10-07 11:42:02
705,5449000000286,60,542,2022-10-07 11:42:02
706,4870204391510,144,310,2022-10-08 15:10:36
707,4870022003305,240,333,2022-10-10 10:13:51
708,48743587,100,610,2022-10-10 12:43:39
709,4870003986641,200,258,2022-10-11 11:01:03
710,4870003986252,240,258,2022-10-11 11:01:03
711,8887290101004,160,72,2022-10-11 12:46:37
712,5449000000286,12,542,2022-10-11 15:37:20
713,54491472,72,250,2022-10-11 15:37:20
714,5449000054227,96,333,2022-10-11 15:37:20
715,48743587,30,610,2022-10-12 15:10:23
716,4870204391510,120,310,2022-10-12 17:08:25
717,4870022003305,288,333,2022-10-13 12:19:21
718,54491472,48,250,2022-10-14 10:09:19
719,5449000054227,120,333,2022-10-14 10:09:19
720,5449000000286,42,542,2022-10-14 10:09:19
721,48743587,100,610,2022-10-14 10:25:28
722,4870003986641,200,258,2022-10-14 11:29:54
723,4870003986252,120,258,2022-10-14 11:29:54
724,4870204391510,140,310,2022-10-15 13:22:24
725,4870022003305,239,333,2022-10-17 12:20:56
726,48743587,80,610,2022-10-17 13:21:20
727,4870003986641,200,258,2022-10-18 10:37:34
728,4870003986252,120,258,2022-10-18 10:37:34
729,54491472,48,250,2022-10-18 11:25:19
730,5449000054227,84,333,2022-10-18 11:25:19
731,5449000000286,42,542,2022-10-18 11:25:19
732,4870204391510,140,310,2022-10-19 11:23:45
733,48743587,80,610,2022-10-19 12:55:25
734,8887290101004,250,72,2022-10-19 13:01:01
735,4870022003305,240,333,2022-10-20 13:52:18
736,54491472,72,250,2022-10-21 09:38:54
737,5449000054227,96,333,2022-10-21 09:38:54
738,5449000000286,30,542,2022-10-21 09:38:54
739,4870003986641,200,258,2022-10-21 11:23:35
740,4870003986252,240,258,2022-10-21 11:23:35
741,48743587,80,610,2022-10-21 11:48:49
742,8887290101004,100,72,2022-10-22 13:40:06
743,4870204391510,144,310,2022-10-22 17:29:00
744,4680036912629,240,333,2022-10-24 11:32:30
745,48743587,80,610,2022-10-24 13:35:34
746,5449000054227,84,333,2022-10-25 09:11:00
747,5449000000286,42,542,2022-10-25 09:11:00
748,4870003986641,140,258,2022-10-25 11:15:18
749,4870003986252,168,258,2022-10-25 11:15:18
750,4870204391510,140,310,2022-10-26 11:11:54
751,48743587,80,610,2022-10-26 15:10:12
752,4680036912629,240,333,2022-10-27 13:55:19
753,4870003986252,240,258,2022-10-28 10:54:05
754,4870003986641,180,258,2022-10-28 10:54:05
755,48743587,100,610,2022-10-28 12:15:29
756,54491472,72,250,2022-10-28 14:14:34
757,5449000054227,84,333,2022-10-28 14:14:34
758,4870204391510,144,310,2022-10-29 11:57:10
759,4870022003305,240,333,2022-10-31 12:55:39
760,48743587,50,629,2022-10-31 13:16:35
761,4870003986641,200,258,2022-11-01 11:05:51
762,4870003986252,168,258,2022-11-01 11:05:51
763,54491472,48,250,2022-11-01 12:50:34
764,5449000054227,120,333,2022-11-01 12:50:34
765,5449000000286,60,542,2022-11-01 12:50:34
766,8887290101004,160,72,2022-11-01 14:45:18
767,4870204391510,70,310,2022-11-02 11:27:30
768,48743587,60,629,2022-11-02 14:25:31
769,4680036912629,120,333,2022-11-03 12:51:49
770,4870003986252,168,258,2022-11-04 10:55:54
771,4870003986641,140,258,2022-11-04 10:55:54
772,48743587,100,629,2022-11-04 11:22:20
773,5449000054227,60,333,2022-11-05 09:22:00
774,5449000000286,48,542,2022-11-05 09:22:00
775,4870204391510,144,310,2022-11-05 13:30:13
776,4870022003305,168,333,2022-11-07 12:34:32
777,48743587,80,629,2022-11-07 12:40:31
778,4870003986641,200,258,2022-11-08 11:01:03
779,4870003986252,168,258,2022-11-08 11:01:03
780,8887290101004,160,72,2022-11-08 15:49:38
781,5449000000286,36,542,2022-11-08 17:46:16
782,5449000054227,180,333,2022-11-08 17:46:16
783,54491472,72,250,2022-11-08 17:46:16
784,4870204391510,240,310,2022-11-09 12:48:45
785,48743587,70,629,2022-11-09 16:28:12
786,4870022003305,360,333,2022-11-10 16:38:25
787,4870003986641,140,258,2022-11-11 10:42:53
788,4870003986252,168,258,2022-11-11 10:42:53
789,48743587,100,629,2022-11-11 12:10:29
790,54491472,24,250,2022-11-11 15:25:20
791,5449000054227,60,333,2022-11-11 15:25:20
792,5449000000286,60,542,2022-11-11 15:25:20
793,4870204391510,144,310,2022-11-12 15:33:54
794,4870204391510,144,310,2022-11-12 22:11:00
795,4870022003305,240,333,2022-11-14 12:37:18
796,48743587,100,629,2022-11-14 13:00:40
797,4870003986641,140,258,2022-11-15 10:46:15
798,4870003986252,168,258,2022-11-15 10:46:15
799,54491472,48,250,2022-11-15 13:27:21
800,5449000054227,120,333,2022-11-15 13:27:21
801,5449000000286,30,542,2022-11-15 13:27:21
802,8887290101004,160,72,2022-11-15 13:32:59
803,48743587,70,629,2022-11-16 14:26:24
804,4870022003305,240,333,2022-11-17 14:42:36
805,4870003986641,240,258,2022-11-18 10:33:24
806,48743587,110,629,2022-11-18 10:48:03
807,54491472,24,250,2022-11-18 15:57:33
808,5449000054227,120,333,2022-11-18 15:57:33
809,5449000000286,60,542,2022-11-18 15:57:33
810,4870204391510,168,310,2022-11-19 13:18:40
811,4870022003305,240,333,2022-11-21 12:18:35
812,48743587,100,629,2022-11-21 12:49:58
813,4870003986641,200,258,2022-11-22 11:44:18
814,8887290101004,160,72,2022-11-22 15:51:21
815,5449000000286,42,542,2022-11-22 16:51:05
816,5449000054227,120,333,2022-11-22 16:51:05
817,4870204391510,48,310,2022-11-23 13:06:47
818,48743587,100,629,2022-11-23 13:34:59
819,4870022003305,240,333,2022-11-24 12:46:31
820,54491472,120,250,2022-11-25 09:52:10
821,5449000000286,42,542,2022-11-25 09:52:10
822,4870003986641,140,300,2022-11-25 11:01:31
823,4870003986252,240,300,2022-11-25 11:01:31
824,48743587,80,629,2022-11-25 11:26:48
825,4870204391510,147,310,2022-11-26 14:21:24
826,4870022003305,240,333,2022-11-28 14:11:48
827,4870003986641,200,300,2022-11-29 10:20:42
828,4870003986252,240,300,2022-11-29 10:20:42
829,4870003986641,180,300,2022-11-29 10:20:42
830,8887290101004,125,72,2022-11-30 10:13:15
831,4870022003305,240,333,2022-12-01 15:07:21
832,48743587,100,629,2022-12-02 09:05:24
833,4870003986252,240,300,2022-12-02 10:41:31
834,8887290101004,100,72,2022-12-02 13:11:25
835,4870204391510,240,310,2022-12-03 11:38:01
836,48743587,80,629,2022-12-05 09:23:22
837,5449000054227,120,333,2022-12-06 10:12:24
838,4870003986641,200,300,2022-12-06 12:30:36
839,4870003986252,168,300,2022-12-06 12:30:36
840,8887290101004,160,72,2022-12-06 13:29:21
841,4870022003305,240,333,2022-12-06 15:34:57
842,48743587,60,629,2022-12-07 09:18:59
843,4680036912629,480,333,2022-12-09 08:52:07
844,4870003986641,140,300,2022-12-09 10:26:35
845,8887290101004,160,72,2022-12-09 13:26:44
846,4870204391510,240,310,2022-12-10 11:43:38
847,5449000000286,156,542,2022-12-10 14:19:30
848,4870003986252,240,300,2022-12-10 14:26:28
849,48743587,80,629,2022-12-12 10:29:55
850,4870022003305,120,350,2022-12-12 15:41:17
851,54491472,120,250,2022-12-13 10:34:36
852,5449000000286,60,542,2022-12-13 10:34:36
853,4870003986252,168,300,2022-12-13 10:51:51
854,4870003986641,140,300,2022-12-13 10:51:51
855,4870204391510,144,310,2022-12-14 11:44:48
856,8887290101004,100,72,2022-12-14 11:51:47
857,48743587,80,629,2022-12-14 14:21:35
858,4870022003305,240,350,2022-12-15 11:28:42
859,48743587,90,629,2022-12-15 16:58:50
860,4870003986641,140,300,2022-12-16 10:28:57
861,4870003986252,168,300,2022-12-16 10:28:57
862,5449000000286,60,542,2022-12-16 13:18:08
863,48743587,50,629,2022-12-19 11:10:57
864,4870022003305,240,350,2022-12-19 13:37:31
865,8887290101004,160,72,2022-12-20 11:12:17
866,54491472,72,250,2022-12-20 11:15:39
867,5449000054227,120,333,2022-12-20 11:15:39
868,5449000000286,42,542,2022-12-20 11:15:39
869,4870003986641,140,300,2022-12-20 16:08:15
870,4870003986252,168,300,2022-12-20 16:08:15
871,4870204391510,240,310,2022-12-20 17:01:41
872,48743587,120,629,2022-12-21 10:58:49
873,4870022003305,240,350,2022-12-22 14:04:00
874,4870003986641,140,300,2022-12-23 11:48:14
875,48743587,80,629,2022-12-23 12:11:18
876,5449000000286,30,542,2022-12-23 12:46:18
877,4870022003305,240,350,2022-12-26 14:20:02
878,4870003986252,168,300,2022-12-27 11:21:34
879,4870003986641,180,300,2022-12-27 11:21:34
880,54491472,120,250,2022-12-27 11:28:47
881,5449000054227,180,333,2022-12-27 11:28:47
882,8887290101004,160,72,2022-12-27 15:25:03
883,8887290101004,125,72,2022-12-28 12:33:59
884,4870204391510,240,310,2022-12-28 13:27:13
885,4870022003305,360,350,2022-12-29 16:00:25
886,4870003986641,400,300,2022-12-30 11:45:00
887,54491472,48,250,2022-12-30 16:58:06
888,8887290101004,100,55,2022-01-14 11:56:37
889,48743587,30,536,2022-01-14 15:15:24
890,54491472,48,188,2022-01-15 13:01:00
891,5449000054227,180,270,2022-01-15 13:01:00
892,48743587,10,536,2022-01-17 15:42:09
893,4680036912629,120,283,2022-01-18 10:22:36
894,48743587,10,536,2022-01-19 19:50:18
895,5449000000286,30,453,2022-01-19 21:36:00
896,5449000054227,36,270,2022-01-19 21:36:00
897,48743587,30,536,2022-01-21 15:32:09
898,54491472,48,192,2022-01-22 09:39:39
899,5449000054227,120,275,2022-01-22 09:39:39
900,5449000000286,42,458,2022-01-22 09:39:39
901,4680036912629,72,283,2022-01-24 15:08:59
902,48743587,10,536,2022-01-24 20:26:29
903,4870003986641,20,242,2022-01-26 20:12:19
904,4870003986252,24,242,2022-01-26 20:12:19
905,48743587,30,536,2022-01-28 15:13:11
906,8887290101004,160,55,2022-01-28 15:40:00
907,54491472,72,192,2022-01-28 21:24:32
908,5449000000286,60,453,2022-01-28 21:24:32
909,48743587,30,536,2022-01-31 17:32:54
910,48743587,20,536,2022-02-04 16:55:44
911,4870003986641,20,242,2022-02-05 13:46:23
912,4870003986252,24,242,2022-02-05 13:46:23
913,4680036912629,120,283,2022-02-07 11:33:30
914,48743587,40,536,2022-02-07 16:31:13
915,5449000054227,360,270,2022-02-11 10:19:01
916,54491472,120,192,2022-02-11 10:19:01
917,8887290101004,320,55,2022-02-11 13:47:50
918,48743587,30,564,2022-02-11 20:48:35
919,4870003986252,48,242,2022-02-12 15:59:56
920,48743587,20,564,2022-02-14 18:18:14
921,4870003986641,20,242,2022-02-19 13:36:31
922,4680036912629,96,283,2022-02-21 11:52:18
923,48743587,10,564,2022-02-21 16:10:40
924,4870003986641,19,242,2022-02-23 13:55:32
925,54491472,72,192,2022-02-24 09:24:07
926,5449000054227,60,275,2022-02-24 09:24:07
927,5449000000286,30,458,2022-02-24 09:24:07
928,48743587,40,564,2022-02-25 18:43:08
929,48743587,10,564,2022-02-28 16:28:20
930,5449000054227,60,292,2022-03-04 09:56:38
931,4870003986641,20,242,2022-03-05 13:32:31
932,4680036912629,120,283,2022-03-07 12:32:45
933,48743587,30,564,2022-03-07 17:04:15
934,8887290101004,100,68,2022-03-11 13:41:58
935,54491472,72,208,2022-03-15 10:11:11
936,5449000054227,552,292,2022-03-15 10:11:11
937,5449000000286,240,500,2022-03-15 10:11:11
938,4870204391510,48,300,2022-03-18 13:52:32
939,4870003986641,20,242,2022-03-19 17:19:50
940,4680036912629,120,283,2022-03-21 11:33:56
941,4870003986641,20,242,2022-03-26 14:11:25
942,8887290101004,160,68,2022-03-29 17:12:38
943,54491472,144,208,2022-03-31 12:21:40
944,5449000000286,30,500,2022-03-31 12:21:40
945,5449000054227,60,292,2022-03-31 12:21:40
946,4680036912629,120,316,2022-04-04 14:28:53
947,4870204391510,48,300,2022-04-05 14:33:32
948,54491472,48,208,2022-04-06 12:02:30
949,8887290101004,160,68,2022-04-08 15:10:31
950,48743587,50,564,2022-04-15 15:21:03
951,4680036912629,168,316,2022-04-18 13:30:56
952,4870204391510,48,300,2022-04-19 16:59:06
953,48743587,10,592,2022-04-20 17:58:40
954,48743587,40,592,2022-04-22 15:51:55
955,4870204391510,48,300,2022-04-23 13:34:27
956,5449000000286,90,500,2022-04-23 18:09:52
957,5449000054227,240,292,2022-04-23 18:09:52
958,54491472,240,208,2022-04-23 18:09:52
959,48743587,20,592,2022-04-25 15:31:59
960,4870003986641,20,250,2022-04-30 15:11:08
961,48743587,10,592,2022-05-02 17:07:02
962,48743587,10,592,2022-05-04 15:21:52
963,4680036912629,240,316,2022-05-05 11:49:29
964,48743587,40,592,2022-05-06 15:57:56
965,48743587,10,592,2022-05-11 16:59:11
966,48743587,50,592,2022-05-13 16:33:14
967,4870204391510,48,300,2022-05-14 16:01:21
968,48743587,10,592,2022-05-16 16:18:03
969,54491472,120,208,2022-05-18 12:17:31
970,5449000054227,240,292,2022-05-18 12:17:31
971,5449000000286,120,500,2022-05-18 12:17:31
972,48743587,10,592,2022-05-18 16:55:41
973,48743587,40,592,2022-05-20 14:48:38
974,48743587,10,592,2022-05-23 14:06:44
975,4870003986252,24,250,2022-05-25 13:57:09
976,4870003986641,20,250,2022-05-25 13:57:09
977,48743587,10,592,2022-05-25 15:41:59
978,48743587,30,592,2022-05-27 12:55:39
979,48743587,10,592,2022-05-30 15:09:00
980,4680036912629,240,316,2022-06-03 10:21:30
981,48743587,30,592,2022-06-03 16:24:31
982,5449000000286,60,500,2022-06-04 17:04:35
983,48743587,20,592,2022-06-06 16:15:52
984,4870204391510,72,300,2022-06-07 14:18:18
985,48743587,10,592,2022-06-08 15:40:01
986,8887290101004,320,68,2022-06-10 12:09:19
987,48743587,50,592,2022-06-10 16:26:37
988,4870003986641,20,250,2022-06-11 15:17:10
989,4870003986252,24,250,2022-06-11 15:17:10
990,48743587,20,592,2022-06-15 16:45:25
991,54491472,192,208,2022-06-16 15:33:48
992,5449000054227,360,292,2022-06-17 12:02:38
993,48743587,30,592,2022-06-17 17:00:13
994,4680036912629,240,316,2022-06-20 12:24:12
995,48743587,20,592,2022-06-20 16:30:53
996,4870204391510,96,300,2022-06-21 16:43:15
997,48743587,10,592,2022-06-22 15:45:04
998,48743587,30,592,2022-06-24 15:58:06
999,48743587,20,592,2022-06-27 17:31:53
1000,4870204391510,48,300,2022-06-28 17:59:51
1001,4870003986641,20,250,2022-06-29 16:15:25
1002,4870003986252,24,250,2022-06-29 16:15:25
1003,48743587,40,592,2022-07-01 16:06:14
1004,4680036912629,144,297,2022-07-04 13:15:44
1005,48743587,20,592,2022-07-04 17:49:59
1006,4870204391510,72,300,2022-07-05 12:02:31
1007,54491472,24,208,2022-07-07 17:34:16
1008,5449000054227,60,292,2022-07-07 17:34:16
1009,4870003986252,24,250,2022-07-09 15:08:56
1010,4870022003305,120,333,2022-07-14 13:08:03
1011,54491472,48,208,2022-07-14 16:22:20
1012,5449000054227,60,292,2022-07-14 16:22:20
1013,8887290101004,320,68,2022-07-15 14:21:09
1014,4870204391510,48,310,2022-07-19 13:14:52
1015,4870003986252,24,250,2022-07-20 18:26:08
1016,4870003986641,20,250,2022-07-20 18:26:08
1017,54491472,24,208,2022-07-21 10:48:55
1018,4870204391510,48,310,2022-07-26 14:04:08
1019,4870022003305,48,333,2022-08-01 12:05:21
1020,4870204391510,72,310,2022-08-02 12:13:44
1021,48743587,10,592,2022-08-03 14:28:18
1022,4870003986252,24,250,2022-08-06 15:01:56
1023,4870204391510,48,310,2022-08-09 13:09:12
1024,54491472,48,250,2022-08-11 12:45:40
1025,5449000000286,120,542,2022-08-11 12:45:40
1026,4870003986252,24,250,2022-08-13 17:53:51
1027,4680036912629,120,333,2022-08-17 09:27:27
1028,48743587,10,610,2022-08-17 15:55:04
1029,5449000054227,360,333,2022-08-18 11:40:51
1030,48743587,10,610,2022-08-22 17:23:25
1031,4870204391510,48,310,2022-08-23 14:42:28
1032,4680036912629,120,333,2022-08-24 10:15:45
1033,4870003986252,24,250,2022-08-24 20:27:40
1034,54491472,240,250,2022-08-25 16:46:38
1035,5449000000286,120,542,2022-08-25 16:46:38
1036,4870204391510,48,310,2022-08-30 16:20:27
1037,4870204391510,24,310,2022-09-06 15:50:53
1038,4870022003305,240,333,2022-09-08 18:45:55
1039,4870003986252,24,250,2022-09-10 15:09:18
1040,4870003986252,24,258,2022-09-17 12:10:02
1041,4870022003305,240,333,2022-09-27 14:37:19
1042,4870003986641,20,258,2022-09-28 17:28:02
1043,4870204391510,48,310,2022-10-04 12:14:15
1044,4870204391510,48,310,2022-10-18 13:58:11
1045,5449000000286,300,542,2022-10-20 17:12:30
1046,5449000054227,60,333,2022-10-20 17:12:30
1047,8887290101004,160,68,2022-10-21 15:31:09
1048,48743587,40,610,2022-10-21 23:02:59
1049,4870003986252,24,258,2022-10-22 12:55:18
1050,4870003986641,20,258,2022-10-22 12:55:18
1051,4680036912629,120,313,2022-10-24 10:14:42
1052,48743587,20,610,2022-10-24 22:09:15
1053,4870204391510,24,310,2022-10-25 13:33:29
1054,5449000054227,12,333,2022-10-27 10:39:27
1055,4870204391510,48,310,2022-11-01 13:10:17
1056,4870003986641,20,258,2022-11-02 13:12:00
1057,4870003986252,24,258,2022-11-02 13:12:00
1058,4870003986641,20,258,2022-11-02 14:13:36
1059,4870003986252,24,258,2022-11-02 14:13:36
1060,5449000054227,24,334,2022-11-03 15:33:55
1061,8887290101004,160,72,2022-11-04 16:37:49
1062,5449000054227,24,334,2022-11-10 18:33:51
1063,4870022003305,144,313,2022-11-14 13:23:42
1064,5449000054227,120,334,2022-11-17 17:24:15
1065,5449000000286,30,542,2022-11-17 17:24:15
1066,4870204391510,48,310,2022-11-17 17:42:32
1067,4870003986641,40,258,2022-11-23 11:19:36
1068,4870003986252,48,258,2022-11-23 11:19:36
1069,5449000054227,72,334,2022-11-24 11:26:10
1070,4680036912629,168,313,2022-11-29 10:44:59
1071,4870022003305,168,313,2022-12-06 11:38:07
1072,4870003986641,20,300,2022-12-07 12:48:01
1073,4870003986252,48,300,2022-12-07 12:48:01
1074,5449000054227,360,334,2022-12-08 11:54:33
1075,4870204391510,24,310,2022-12-13 15:12:43
1076,4870003986641,20,300,2022-12-14 13:10:29
1077,5449000000286,60,542,2022-12-15 11:10:11
1078,5449000054227,120,333,2022-12-15 11:10:11
1079,4870204391510,48,310,2022-12-20 14:43:41
1080,4870022003305,168,329,2022-12-21 11:38:59
1081,5449000054227,240,333,2022-12-22 10:55:27
1082,8887290101004,160,72,2022-12-23 16:48:07
1083,4870003986252,48,300,2022-12-24 14:17:20
1084,4870022003305,240,329,2022-12-26 12:54:45
1085,4870204391510,48,310,2022-12-27 15:39:06
